CITY,CBSA,Average_AQI
ABERDEEN,"Aberdeen, SD",29.120253164556964
ADJUNTAS,"Adjuntas, PR",28.846153846153847
ADRIAN,"Adrian, MI",45.237430167597765
AKRON,"Akron, OH",48.48626373626374
ALBANY,"Albany, GA",45.325936199722605
ALBANY-SCHENECTADY-TROY,"Albany-Schenectady-Troy, NY",42.342465753424655
ALBUQUERQUE,"Albuquerque, NM",57.66301369863014
ALEXANDRIA,"Alexandria, LA",38.865546218487395
ALLENTOWN-BETHLEHEM-EASTON,"Allentown-Bethlehem-Easton, PA-NJ",48.23561643835617
ALTOONA,"Altoona, PA",47.14772727272727
AMARILLO,"Amarillo, TX",44.69315068493151
AMERICUS,"Americus, GA",39.45378151260504
ANCHORAGE,"Anchorage, AK",43.26301369863014
ANN ARBOR,"Ann Arbor, MI",45.202739726027396
APPLETON,"Appleton, WI",42.26301369863014
ARDMORE,"Ardmore, OK",45.83835616438356
ARKADELPHIA,"Arkadelphia, AR",33.03661971830986
ASHEVILLE,"Asheville, NC",42.43835616438356
ASHTABULA,"Ashtabula, OH",40.885714285714286
ATHENS,"Athens, OH",37.22431865828092
ATHENS-CLARKE COUNTY,"Athens-Clarke County, GA",48.78082191780822
ATLANTA-SANDY SPRINGS-ROSWELL,"Atlanta-Sandy Springs-Roswell, GA",61.342465753424655
ATLANTIC CITY-HAMMONTON,"Atlantic City-Hammonton, NJ",42.26575342465753
AUGUSTA-RICHMOND COUNTY,"Augusta-Richmond County, GA-SC",51.6958904109589
AUGUSTA-WATERVILLE,"Augusta-Waterville, ME",26.030470914127424
AUSTIN-ROUND ROCK,"Austin-Round Rock, TX",50.895890410958906
BAKERSFIELD,"Bakersfield, CA",79.07123287671233
BALTIMORE-COLUMBIA-TOWSON,"Baltimore-Columbia-Towson, MD",54.62191780821918
BANGOR,"Bangor, ME",32.69613259668508
BARABOO,"Baraboo, WI",40.95616438356164
BARNSTABLE TOWN,"Barnstable Town, MA",37.14484679665738
BATON ROUGE,"Baton Rouge, LA",54.74246575342466
BAY CITY,"Bay City, MI",36.79430379746835
BEAUMONT-PORT ARTHUR,"Beaumont-Port Arthur, TX",51.36164383561644
BEAVER DAM,"Beaver Dam, WI",44.07945205479452
BELLINGHAM,"Bellingham, WA",29.168044077134986
BEMIDJI,"Bemidji, MN",30.207386363636363
BEND-REDMOND,"Bend-Redmond, OR",31.112328767123287
BENNINGTON,"Bennington, VT",38.035616438356165
BERLIN,"Berlin, NH-VT",37.95061728395062
BILLINGS,"Billings, MT",32.0958904109589
BIRMINGHAM-HOOVER,"Birmingham-Hoover, AL",59.78904109589041
BISHOP,"Bishop, CA",56.868493150684934
BISMARCK,"Bismarck, ND",41.16438356164384
BLACKSBURG-CHRISTIANSBURG-RADFORD,"Blacksburg-Christiansburg-Radford, VA",40.61046511627907
BLOOMINGTON,"Bloomington, IL",47.83768913342504
BOISE CITY,"Boise City, ID",51.868493150684934
BOSTON-CAMBRIDGE-NEWTON,"Boston-Cambridge-Newton, MA-NH",49.25479452054795
BOULDER,"Boulder, CO",53.50684931506849
BOWLING GREEN,"Bowling Green, KY",48.33424657534247
BOZEMAN,"Bozeman, MT",33.893150684931506
BRAINERD,"Brainerd, MN",33.09470752089136
BRANSON,"Branson, MO",26.95
BREMERTON-SILVERDALE,"Bremerton-Silverdale, WA",26.876470588235293
BRIDGEPORT-STAMFORD-NORWALK,"Bridgeport-Stamford-Norwalk, CT",50.33972602739726
BROOKINGS,"Brookings, SD",44.49315068493151
BROWNSVILLE-HARLINGEN,"Brownsville-Harlingen, TX",50.416438356164385
BRUNSWICK,"Brunswick, GA",38.37275985663082
BUFFALO-CHEEKTOWAGA-NIAGARA FALLS,"Buffalo-Cheektowaga-Niagara Falls, NY",44.37808219178082
BURLINGTON-SOUTH BURLINGTON,"Burlington-South Burlington, VT",40.38356164383562
BUTTE-SILVER BOW,"Butte-Silver Bow, MT",29.644628099173552
CA?ON CITY,"Ca?on City, CO",13.65625
CADILLAC,"Cadillac, MI",39.33424657534247
CAMBRIDGE,"Cambridge, MD",43.88219178082192
CANTON-MASSILLON,"Canton-Massillon, OH",51.66575342465753
CAPE CORAL-FORT MYERS,"Cape Coral-Fort Myers, FL",41.64383561643836
CARLSBAD-ARTESIA,"Carlsbad-Artesia, NM",55.13972602739726
CARSON CITY,"Carson City, NV",42.93424657534246
CASPER,"Casper, WY",42.07142857142857
CEDAR CITY,"Cedar City, UT",42.0027397260274
CEDAR RAPIDS,"Cedar Rapids, IA",45.96986301369863
CENTRALIA,"Centralia, WA",31.134246575342466
CHAMBERSBURG-WAYNESBORO,"Chambersburg-Waynesboro, PA",36.683284457478
CHAMPAIGN-URBANA,"Champaign-Urbana, IL",47.04109589041096
CHARLESTON,"Charleston, WV",41.92602739726028
CHARLESTON-NORTH CHARLESTON,"Charleston-North Charleston, SC",42.593837535014
CHARLOTTE-CONCORD-GASTONIA,"Charlotte-Concord-Gastonia, NC-SC",57.07397260273972
CHARLOTTESVILLE,"Charlottesville, VA",39.219858156028366
CHATTANOOGA,"Chattanooga, TN-GA",50.63835616438356
CHEYENNE,"Cheyenne, WY",43.92602739726028
CHICAGO-NAPERVILLE-ELGIN,"Chicago-Naperville-Elgin, IL-IN-WI",62.94794520547945
CHICO,"Chico, CA",52.95342465753425
CINCINNATI,"Cincinnati, OH-KY-IN",60.12054794520548
CLAREMONT-LEBANON,"Claremont-Lebanon, NH-VT",35.843835616438355
CLARKSBURG,"Clarksburg, WV",38.306306306306304
CLARKSVILLE,"Clarksville, TN-KY",44.52328767123288
CLEARLAKE,"Clearlake, CA",31.988888888888887
CLEVELAND,"Cleveland, MS",47.61813186813187
CLEVELAND-ELYRIA,"Cleveland-Elyria, OH",56.701369863013696
CLINTON,"Clinton, IA",47.76373626373626
COEUR D'ALENE,"Coeur d'Alene, ID",33.864788732394366
COLORADO SPRINGS,"Colorado Springs, CO",48.635616438356166
COLUMBIA,"Columbia, MO",41.49180327868852
COLUMBUS,"Columbus, GA-AL",48.22303473491773
CONCORD,"Concord, NH",35.266666666666666
COOKEVILLE,"Cookeville, TN",33.61388888888889
COOS BAY,"Coos Bay, OR",27.88785046728972
CORNING,"Corning, NY",38.40547945205479
CORPUS CHRISTI,"Corpus Christi, TX",48.463013698630135
CORSICANA,"Corsicana, TX",42.386740331491715
CORVALLIS,"Corvallis, OR",28.2986301369863
CRESCENT CITY,"Crescent City, CA",28.782258064516128
CRESTVIEW-FORT WALTON BEACH-DESTIN,"Crestview-Fort Walton Beach-Destin, FL",36.07162534435262
CULLOWHEE,"Cullowhee, NC",35.42718446601942
DALLAS-FORT WORTH-ARLINGTON,"Dallas-Fort Worth-Arlington, TX",61.52328767123288
DALTON,"Dalton, GA",40.405204460966544
DAPHNE-FAIRHOPE-FOLEY,"Daphne-Fairhope-Foley, AL",40.23616236162361
DAVENPORT-MOLINE-ROCK ISLAND,"Davenport-Moline-Rock Island, IA-IL",52.6986301369863
DAYTON,"Dayton, OH",53.583561643835615
DECATUR,"Decatur, AL",46.34293552812071
DELTONA-DAYTONA BEACH-ORMOND BEACH,"Deltona-Daytona Beach-Ormond Beach, FL",42.40845070422535
DEMING,"Deming, NM",16.975069252077564
DENVER-AURORA-LAKEWOOD,"Denver-Aurora-Lakewood, CO",69.08219178082192
DES MOINES-WEST DES MOINES,"Des Moines-West Des Moines, IA",43.6958904109589
DETROIT-WARREN-DEARBORN,"Detroit-Warren-Dearborn, MI",60.2
DICKINSON,"Dickinson, ND",34.824657534246576
DODGE CITY,"Dodge City, KS",16.81578947368421
DOTHAN,"Dothan, AL",38.253571428571426
DOUGLAS,"Douglas, GA",36.97520661157025
DOVER,"Dover, DE",45.945205479452056
DUBOIS,"DuBois, PA",33.721448467966574
DULUTH,"Duluth, MN-WI",40.81095890410959
DURANGO,"Durango, CO",44.85479452054795
DURHAM-CHAPEL HILL,"Durham-Chapel Hill, NC",46.92054794520548
DYERSBURG,"Dyersburg, TN",35.51111111111111
EAGLE PASS,"Eagle Pass, TX",36.91150442477876
EAST STROUDSBURG,"East Stroudsburg, PA",35.3810888252149
EAU CLAIRE,"Eau Claire, WI",41.035812672176306
EFFINGHAM,"Effingham, IL",40.43265306122449
EL CENTRO,"El Centro, CA",64.78630136986301
EL DORADO,"El Dorado, AR",44.95850622406639
EL PASO,"El Paso, TX",60.75068493150685
ELIZABETHTOWN-FORT KNOX,"Elizabethtown-Fort Knox, KY",43.84573002754821
ELKHART-GOSHEN,"Elkhart-Goshen, IN",43.37534246575343
ELKO,"Elko, NV",16.926027397260274
ELLENSBURG,"Ellensburg, WA",34.6986301369863
EMPORIA,"Emporia, KS",29.88135593220339
ERIE,"Erie, PA",41.51373626373626
ESPA?OLA,"Espa?ola, NM",43.3268156424581
EUGENE,"Eugene, OR",48.775342465753425
EUREKA-ARCATA-FORTUNA,"Eureka-Arcata-Fortuna, CA",30.07162534435262
EVANSTON,"Evanston, WY",44.57808219178082
EVANSVILLE,"Evansville, IN-KY",47.893150684931506
FAIRBANKS,"Fairbanks, AK",59.25479452054795
FAIRMONT,"Fairmont, WV",39.494949494949495
FALLON,"Fallon, NV",40.685552407932015
FARGO,"Fargo, ND-MN",38.86776859504132
FARMINGTON,"Farmington, NM",55.06301369863014
FAYETTEVILLE,"Fayetteville, NC",43.29201101928375
FAYETTEVILLE-SPRINGDALE-ROGERS,"Fayetteville-Springdale-Rogers, AR-MO",49.43835616438356
FERNLEY,"Fernley, NV",37.502808988764045
FLAGSTAFF,"Flagstaff, AZ",47.320547945205476
FLINT,"Flint, MI",42.61470588235294
FLORENCE,"Florence, SC",41.828729281767956
FLORENCE-MUSCLE SHOALS,"Florence-Muscle Shoals, AL",36.77946768060836
FOND DU LAC,"Fond du Lac, WI",36.35643564356435
FORT COLLINS,"Fort Collins, CO",55.397260273972606
FORT MADISON-KEOKUK,"Fort Madison-Keokuk, IA-IL-MO",40.825
FORT PAYNE,"Fort Payne, AL",40.800554016620495
FORT SMITH,"Fort Smith, AR-OK",40.30470914127424
FORT WAYNE,"Fort Wayne, IN",52.082191780821915
FRESNO,"Fresno, CA",71.58630136986301
GADSDEN,"Gadsden, AL",43.666666666666664
GAINESVILLE,"Gainesville, FL",43.16335227272727
GARDNERVILLE RANCHOS,"Gardnerville Ranchos, NV",20.48314606741573
GEORGETOWN,"Georgetown, SC",15.543478260869565
GETTYSBURG,"Gettysburg, PA",45.78904109589041
GILLETTE,"Gillette, WY",41.63013698630137
GLENWOOD SPRINGS,"Glenwood Springs, CO",51.484931506849314
GRAND ISLAND,"Grand Island, NE",27.09278350515464
GRAND JUNCTION,"Grand Junction, CO",48.752747252747255
GRAND RAPIDS-WYOMING,"Grand Rapids-Wyoming, MI",43.30958904109589
GRANTS PASS,"Grants Pass, OR",40.12054794520548
GREAT FALLS,"Great Falls, MT",29.97245179063361
GREELEY,"Greeley, CO",55.942465753424656
GREEN BAY,"Green Bay, WI",40.96952908587257
GREENFIELD TOWN,"Greenfield Town, MA",40.92857142857143
GREENSBORO-HIGH POINT,"Greensboro-High Point, NC",43.83013698630137
GREENVILLE,"Greenville, NC",40.25568181818182
GREENVILLE-ANDERSON-MAULDIN,"Greenville-Anderson-Mauldin, SC",45.153424657534245
GUAYAMA,"Guayama, PR",17.5
GULFPORT-BILOXI-PASCAGOULA,"Gulfport-Biloxi-Pascagoula, MS",49.221917808219175
HAGERSTOWN-MARTINSBURG,"Hagerstown-Martinsburg, MD-WV",43.82044198895028
HAILEY,"Hailey, ID",21.687898089171973
HAMMOND,"Hammond, LA",40.162393162393165
HANFORD-CORCORAN,"Hanford-Corcoran, CA",66.56438356164384
HARRISBURG-CARLISLE,"Harrisburg-Carlisle, PA",52.534246575342465
HARRISON,"Harrison, AR",36.942465753424656
HARRISONBURG,"Harrisonburg, VA",35.843835616438355
HARTFORD-WEST HARTFORD-EAST HARTFORD,"Hartford-West Hartford-East Hartford, CT",46.912328767123284
HATTIESBURG,"Hattiesburg, MS",44.76815642458101
HELENA,"Helena, MT",46.93698630136986
HERMISTON-PENDLETON,"Hermiston-Pendleton, OR",40.92328767123288
HICKORY-LENOIR-MORGANTON,"Hickory-Lenoir-Morganton, NC",45.52602739726027
HILO,"Hilo, HI",23.39178082191781
HOBBS,"Hobbs, NM",49.83287671232877
HOLLAND,"Holland, MI",41.93478260869565
HOMOSASSA SPRINGS,"Homosassa Springs, FL",41.79551820728291
HOT SPRINGS,"Hot Springs, AR",44.04132231404959
HOUGHTON,"Houghton, MI",14.52991452991453
HOUMA-THIBODAUX,"Houma-Thibodaux, LA",49.34903047091413
HOUSTON-THE WOODLANDS-SUGAR LAND,"Houston-The Woodlands-Sugar Land, TX",64.3917808219178
HUNTINGTON,"Huntington, IN",32.14929577464789
HUNTINGTON-ASHLAND,"Huntington-Ashland, WV-KY-OH",45.24109589041096
HUNTSVILLE,"Huntsville, AL",47.4404432132964
IDAHO FALLS,"Idaho Falls, ID",44.087671232876716
INDIANA,"Indiana, PA",38.86571428571428
INDIANAPOLIS-CARMEL-ANDERSON,"Indianapolis-Carmel-Anderson, IN",59.136986301369866
IOWA CITY,"Iowa City, IA",45.59065934065934
ITHACA,"Ithaca, NY",35.21067415730337
JACKSON,"Jackson, MS",43.93315018315018
JACKSONVILLE,"Jacksonville, FL",51.64657534246575
JAMESTOWN-DUNKIRK-FREDONIA,"Jamestown-Dunkirk-Fredonia, NY",39.37900874635569
JANESVILLE-BELOIT,"Janesville-Beloit, WI",38.67487684729064
JASPER,"Jasper, IN",42.275
JEFFERSON CITY,"Jefferson City, MO",38.50612244897959
JOHNSTOWN,"Johnstown, PA",45.95616438356164
JONESBORO,"Jonesboro, AR",38.63265306122449
JOPLIN,"Joplin, MO",34.09315068493151
JUNEAU,"Juneau, AK",31.359116022099446
KAHULUI-WAILUKU-LAHAINA,"Kahului-Wailuku-Lahaina, HI",23.522099447513813
KALAMAZOO-PORTAGE,"Kalamazoo-Portage, MI",42.58839779005525
KALISPELL,"Kalispell, MT",41.93150684931507
KANSAS CITY,"Kansas City, MO-KS",54.02739726027397
KAPAA,"Kapaa, HI",17.31129476584022
KEENE,"Keene, NH",36.97260273972603
KENNEWICK-RICHLAND,"Kennewick-Richland, WA",40.53150684931507
KILLEEN-TEMPLE,"Killeen-Temple, TX",45.6
KINGSPORT-BRISTOL-BRISTOL,"Kingsport-Bristol-Bristol, TN-VA",43.2534435261708
KINGSVILLE,"Kingsville, TX",41.46478873239437
KINSTON,"Kinston, NC",42.35021097046413
KLAMATH FALLS,"Klamath Falls, OR",44.43287671232877
KNOXVILLE,"Knoxville, TN",52.227397260273975
KOKOMO,"Kokomo, IN",44.662049861495845
LA CROSSE-ONALASKA,"La Crosse-Onalaska, WI-MN",41.50410958904109
LA GRANDE,"La Grande, OR",30.405479452054795
LACONIA,"Laconia, NH",30.462025316455698
LAFAYETTE,"Lafayette, LA",46.88493150684931
LAFAYETTE-WEST LAFAYETTE,"Lafayette-West Lafayette, IN",47.11232876712329
LAKE CHARLES,"Lake Charles, LA",51.915068493150685
LAKE CITY,"Lake City, FL",45.853994490358126
LAKE HAVASU CITY-KINGMAN,"Lake Havasu City-Kingman, AZ",15.342465753424657
LAKELAND-WINTER HAVEN,"Lakeland-Winter Haven, FL",43.38630136986301
LANCASTER,"Lancaster, PA",53.558904109589044
LANSING-EAST LANSING,"Lansing-East Lansing, MI",41.33424657534247
LARAMIE,"Laramie, WY",48.986301369863014
LAREDO,"Laredo, TX",50.12602739726027
LAS CRUCES,"Las Cruces, NM",63.23835616438356
LAS VEGAS-HENDERSON-PARADISE,"Las Vegas-Henderson-Paradise, NV",60.61917808219178
LAWRENCEBURG,"Lawrenceburg, TN",36.03636363636364
LAWTON,"Lawton, OK",47.728767123287675
LEBANON,"Lebanon, PA",48.138888888888886
LEWISTON,"Lewiston, ID-WA",40.81369863013698
LEWISTON-AUBURN,"Lewiston-Auburn, ME",34.0775623268698
LEXINGTON-FAYETTE,"Lexington-Fayette, KY",45.62191780821918
LIMA,"Lima, OH",44.39156626506024
LINCOLN,"Lincoln, NE",36.75694444444444
LITTLE ROCK-NORTH LITTLE ROCK-CONWAY,"Little Rock-North Little Rock-Conway, AR",51.07671232876712
LOGAN,"Logan, UT-ID",50.827397260273976
LONGVIEW,"Longview, TX",32.41274238227147
LOS ALAMOS,"Los Alamos, NM",13.333333333333334
LOS ANGELES-LONG BEACH-ANAHEIM,"Los Angeles-Long Beach-Anaheim, CA",84.7095890410959
LOUISVILLE/JEFFERSON COUNTY,"Louisville/Jefferson County, KY-IN",55.74246575342466
LUBBOCK,"Lubbock, TX",34.121212121212125
LUDINGTON,"Ludington, MI",34.21259842519685
LYNCHBURG,"Lynchburg, VA",34.157407407407405
MACON,"Macon, GA",46.60497237569061
MADERA,"Madera, CA",56.35342465753425
MADISON,"Madison, WI",45.48219178082192
MALONE,"Malone, NY",31.531073446327685
MANCHESTER-NASHUA,"Manchester-Nashua, NH",37.74520547945205
MANITOWOC,"Manitowoc, WI",37.039603960396036
MARIETTA,"Marietta, OH",41.67755102040816
MARSHALL,"Marshall, MN",39.920833333333334
MASON CITY,"Mason City, IA",15.728813559322035
MAYAGUEZ,"Mayaguez, PR",37.34653465346535
MCALESTER,"McAlester, OK",46.59452054794521
MCALLEN-EDINBURG-MISSION,"McAllen-Edinburg-Mission, TX",49.87671232876713
MEDFORD,"Medford, OR",44.61917808219178
MEMPHIS,"Memphis, TN-MS-AR",53.92876712328767
MERCED,"Merced, CA",55.03013698630137
MERIDIAN,"Meridian, MS",35.95510204081633
MIAMI,"Miami, OK",44.02203856749311
MIAMI-FORT LAUDERDALE-WEST PALM BEACH,"Miami-Fort Lauderdale-West Palm Beach, FL",50.31043956043956
MICHIGAN CITY-LA PORTE,"Michigan City-La Porte, IN",41.247252747252745
MIDDLESBOROUGH,"Middlesborough, KY",39.39923954372624
MILWAUKEE-WAUKESHA-WEST ALLIS,"Milwaukee-Waukesha-West Allis, WI",49.88767123287671
MINNEAPOLIS-ST. PAUL-BLOOMINGTON,"Minneapolis-St. Paul-Bloomington, MN-WI",52.07945205479452
MINOT,"Minot, ND",32.20054945054945
MISSOULA,"Missoula, MT",51.30684931506849
MOBILE,"Mobile, AL",47.47457627118644
MODESTO,"Modesto, CA",58.32876712328767
MONROE,"Monroe, LA",34.823113207547166
MONTGOMERY,"Montgomery, AL",56.66575342465753
MOREHEAD CITY,"Morehead City, NC",38.50579150579151
MORGANTOWN,"Morgantown, WV",41.021660649819495
MORRISTOWN,"Morristown, TN",43.337606837606835
MOSCOW,"Moscow, ID",16.37142857142857
MOSES LAKE,"Moses Lake, WA",29.594520547945205
MOUNT VERNON,"Mount Vernon, IL",45.3446519524618
MOUNT VERNON-ANACORTES,"Mount Vernon-Anacortes, WA",30.684931506849313
MUNCIE,"Muncie, IN",37.41477272727273
MUSCATINE,"Muscatine, IA",42.013698630136986
MUSKEGON,"Muskegon, MI",39.01908396946565
MUSKOGEE,"Muskogee, OK",25.723880597014926
MYRTLE BEACH-CONWAY-NORTH MYRTLE BEACH,"Myrtle Beach-Conway-North Myrtle Beach, SC-NC",35.62376237623762
NAPA,"Napa, CA",39.71625344352617
NAPLES-IMMOKALEE-MARCO ISLAND,"Naples-Immokalee-Marco Island, FL",41.4060773480663
NASHVILLE-DAVIDSON--MURFREESBORO--FRANKLIN,"Nashville-Davidson--Murfreesboro--Franklin, TN",52.04931506849315
NEW CASTLE,"New Castle, IN",33.447916666666664
NEW HAVEN-MILFORD,"New Haven-Milford, CT",49.367123287671234
NEW ORLEANS-METAIRIE,"New Orleans-Metairie, LA",52.271232876712325
NEW YORK-NEWARK-JERSEY CITY,"New York-Newark-Jersey City, NY-NJ-PA",61.23013698630137
NILES-BENTON HARBOR,"Niles-Benton Harbor, MI",40.23076923076923
NOGALES,"Nogales, AZ",42.13259668508287
NORTH PORT-SARASOTA-BRADENTON,"North Port-Sarasota-Bradenton, FL",45.42191780821918
NORWICH-NEW LONDON,"Norwich-New London, CT",40.55494505494506
OCALA,"Ocala, FL",44.75342465753425
ODESSA,"Odessa, TX",39.536723163841806
OGDEN-CLEARFIELD,"Ogden-Clearfield, UT",52.32876712328767
OKLAHOMA CITY,"Oklahoma City, OK",55.44931506849315
OLYMPIA-TUMWATER,"Olympia-Tumwater, WA",35.964383561643835
OMAHA-COUNCIL BLUFFS,"Omaha-Council Bluffs, NE-IA",46.654794520547945
ORLANDO-KISSIMMEE-SANFORD,"Orlando-Kissimmee-Sanford, FL",45.178082191780824
OTHELLO,"Othello, WA",21.430555555555557
OWENSBORO,"Owensboro, KY",47.527472527472526
OXFORD,"Oxford, NC",44.27916666666667
OXNARD-THOUSAND OAKS-VENTURA,"Oxnard-Thousand Oaks-Ventura, CA",54.64657534246575
PADUCAH,"Paducah, KY-IL",48.57967032967033
PAHRUMP,"Pahrump, NV",18.39178082191781
PALATKA,"Palatka, FL",18.256410256410255
PALM BAY-MELBOURNE-TITUSVILLE,"Palm Bay-Melbourne-Titusville, FL",39.54985754985755
PANAMA CITY,"Panama City, FL",45.76750700280112
PARKERSBURG-VIENNA,"Parkersburg-Vienna, WV",40.65342960288809
PAYSON,"Payson, AZ",55.24109589041096
PENSACOLA-FERRY PASS-BRENT,"Pensacola-Ferry Pass-Brent, FL",48.394520547945206
PEORIA,"Peoria, IL",45.637362637362635
PHILADELPHIA-CAMDEN-WILMINGTON,"Philadelphia-Camden-Wilmington, PA-NJ-DE-MD",59.53150684931507
PHOENIX-MESA-SCOTTSDALE,"Phoenix-Mesa-Scottsdale, AZ",91.64657534246575
PIERRE,"Pierre, SD",17.786516853932586
PITTSBURGH,"Pittsburgh, PA",63.57808219178082
PITTSFIELD,"Pittsfield, MA",42.565934065934066
PLATTEVILLE,"Platteville, WI",40.81369863013698
POCATELLO,"Pocatello, ID",25.86027397260274
PONCA CITY,"Ponca City, OK",47.010958904109586
PONCE,"Ponce, PR",44.74643874643875
PORT ANGELES,"Port Angeles, WA",38.95068493150685
PORT ST. LUCIE,"Port St. Lucie, FL",42.23229461756374
PORTLAND-SOUTH PORTLAND,"Portland-South Portland, ME",48.43835616438356
PORTLAND-VANCOUVER-HILLSBORO,"Portland-Vancouver-Hillsboro, OR-WA",46.31232876712329
PORTSMOUTH,"Portsmouth, OH",19.106849315068494
PRESCOTT,"Prescott, AZ",44.095238095238095
PRICE,"Price, UT",47.12054794520548
PRINEVILLE,"Prineville, OR",35.679452054794524
PROVIDENCE-WARWICK,"Providence-Warwick, RI-MA",49.33424657534247
PROVO-OREM,"Provo-Orem, UT",50.583561643835615
PUEBLO,"Pueblo, CO",25.571428571428573
PULLMAN,"Pullman, WA",27.605479452054794
QUINCY,"Quincy, IL-MO",41.850622406639005
RACINE,"Racine, WI",41.78817733990148
RALEIGH,"Raleigh, NC",52.14520547945205
RAPID CITY,"Rapid City, SD",46.46849315068493
READING,"Reading, PA",48.06027397260274
RED BLUFF,"Red Bluff, CA",45.632876712328766
RED WING,"Red Wing, MN",37.157407407407405
REDDING,"Redding, CA",42.91208791208791
RENO,"Reno, NV",50.18630136986302
RICHMOND,"Richmond, VA",48.010958904109586
RIVERSIDE-SAN BERNARDINO-ONTARIO,"Riverside-San Bernardino-Ontario, CA",100.36712328767123
RIVERTON,"Riverton, WY",47.465753424657535
ROANOKE,"Roanoke, VA",39.21095890410959
ROANOKE RAPIDS,"Roanoke Rapids, NC",38.71895424836601
ROCHESTER,"Rochester, MN",42.15363511659808
ROCK SPRINGS,"Rock Springs, WY",48.71232876712329
ROCKFORD,"Rockford, IL",48.3049853372434
ROCKLAND,"Rockland, ME",36.83098591549296
ROCKY MOUNT,"Rocky Mount, NC",38.79338842975206
ROME,"Rome, GA",50.49862258953168
ROSEBURG,"Roseburg, OR",36.10374639769452
ROSWELL,"Roswell, NM",23.491525423728813
RUIDOSO,"Ruidoso, NM",14.85981308411215
RUTLAND,"Rutland, VT",42.12876712328767
SACRAMENTO--ROSEVILLE--ARDEN-ARCADE,"Sacramento--Roseville--Arden-Arcade, CA",61.31780821917808
SALEM,"Salem, OH",35.89234449760765
SALINAS,"Salinas, CA",40.97260273972603
SALISBURY,"Salisbury, MD-DE",45.97534246575343
SALT LAKE CITY,"Salt Lake City, UT",61.86027397260274
SAN ANTONIO-NEW BRAUNFELS,"San Antonio-New Braunfels, TX",56.07123287671233
SAN DIEGO-CARLSBAD,"San Diego-Carlsbad, CA",69.35068493150685
SAN FRANCISCO-OAKLAND-HAYWARD,"San Francisco-Oakland-Hayward, CA",52.72054794520548
SAN JOSE-SUNNYVALE-SANTA CLARA,"San Jose-Sunnyvale-Santa Clara, CA",50.47945205479452
SAN JUAN-CAROLINA-CAGUAS,"San Juan-Carolina-Caguas, PR",54.345205479452055
SAN LUIS OBISPO-PASO ROBLES-ARROYO GRANDE,"San Luis Obispo-Paso Robles-Arroyo Grande, CA",51.942465753424656
SANDPOINT,"Sandpoint, ID",31.471232876712328
SANTA CRUZ-WATSONVILLE,"Santa Cruz-Watsonville, CA",39.89041095890411
SANTA FE,"Santa Fe, NM",46.54419889502763
SANTA MARIA-SANTA BARBARA,"Santa Maria-Santa Barbara, CA",48.2
SANTA ROSA,"Santa Rosa, CA",37.443835616438356
SAULT STE. MARIE,"Sault Ste. Marie, MI",42.724137931034484
SAVANNAH,"Savannah, GA",45.51044776119403
SAYRE,"Sayre, PA",41.70170454545455
SCOTTSBLUFF,"Scottsbluff, NE",26.150442477876105
SCRANTON--WILKES-BARRE--HAZLETON,"Scranton--Wilkes-Barre--Hazleton, PA",40.8
SEATTLE-TACOMA-BELLEVUE,"Seattle-Tacoma-Bellevue, WA",53.487671232876714
SEBASTIAN-VERO BEACH,"Sebastian-Vero Beach, FL",36.516417910447764
SEBRING,"Sebring, FL",36.012875536480685
SENECA,"Seneca, SC",36.21172638436482
SEVIERVILLE,"Sevierville, TN",45.760989010989015
SEYMOUR,"Seymour, IN",35.34166666666667
SHEBOYGAN,"Sheboygan, WI",40.800970873786405
SHELTON,"Shelton, WA",31.559556786703602
SHERIDAN,"Sheridan, WY",39.69041095890411
SHOW LOW,"Show Low, AZ",44.515068493150686
SHREVEPORT-BOSSIER CITY,"Shreveport-Bossier City, LA",43.98082191780822
SIERRA VISTA-DOUGLAS,"Sierra Vista-Douglas, AZ",48.18082191780822
SIOUX CITY,"Sioux City, IA-NE-SD",40.247252747252745
SIOUX FALLS,"Sioux Falls, SD",39.52876712328767
SOMERSET,"Somerset, KY",37.70514820592824
SONORA,"Sonora, CA",45.849162011173185
SOUTH BEND-MISHAWAKA,"South Bend-Mishawaka, IN-MI",47.76986301369863
SPARTANBURG,"Spartanburg, SC",43.86206896551724
SPOKANE-SPOKANE VALLEY,"Spokane-Spokane Valley, WA",48.726027397260275
SPRINGFIELD,"Springfield, IL",45.80289455547898
ST. CLOUD,"St. Cloud, MN",36.30232558139535
ST. GEORGE,"St. George, UT",46.06849315068493
ST. JOSEPH,"St. Joseph, MO-KS",46.016438356164386
ST. LOUIS,"St. Louis, MO-IL",61.81917808219178
ST. MARYS,"St. Marys, PA",36.50140056022409
STATE COLLEGE,"State College, PA",48.87123287671233
STEAMBOAT SPRINGS,"Steamboat Springs, CO",15.17134831460674
STOCKTON-LODI,"Stockton-Lodi, CA",53.8054794520548
SUMMERVILLE,"Summerville, GA",38.26229508196721
SYRACUSE,"Syracuse, NY",40.465753424657535
TALLAHASSEE,"Tallahassee, FL",48.11232876712329
TAMPA-ST. PETERSBURG-CLEARWATER,"Tampa-St. Petersburg-Clearwater, FL",52.25753424657534
TAOS,"Taos, NM",25.79608938547486
TERRE HAUTE,"Terre Haute, IN",51.054794520547944
TEXARKANA,"Texarkana, TX-AR",45.10028653295129
THE DALLES,"The Dalles, OR",36.29142857142857
TOLEDO,"Toledo, OH",46.62678062678063
TOPEKA,"Topeka, KS",46.93150684931507
TORRINGTON,"Torrington, CT",39.54520547945206
TRAVERSE CITY,"Traverse City, MI",35.526315789473685
TRENTON,"Trenton, NJ",47.06027397260274
TRUCKEE-GRASS VALLEY,"Truckee-Grass Valley, CA",49.177285318559555
TUCSON,"Tucson, AZ",51.446575342465756
TULSA,"Tulsa, OK",51.635616438356166
TUPELO,"Tupelo, MS",38.67219917012448
TUSCALOOSA,"Tuscaloosa, AL",38.34469696969697
TWIN FALLS,"Twin Falls, ID",28.356164383561644
TYLER,"Tyler, TX",37.832417582417584
UKIAH,"Ukiah, CA",38.38227146814405
URBAN HONOLULU,"Urban Honolulu, HI",29.39178082191781
UTICA-ROME,"Utica-Rome, NY",30.726256983240223
VALDOSTA,"Valdosta, GA",45.49677419354839
VALLEJO-FAIRFIELD,"Vallejo-Fairfield, CA",47.48219178082192
VERNAL,"Vernal, UT",61.71780821917808
VICTORIA,"Victoria, TX",33.40469208211144
VINCENNES,"Vincennes, IN",36.77437325905292
VINELAND-BRIDGETON,"Vineland-Bridgeton, NJ",44.89196675900277
VINEYARD HAVEN,"Vineyard Haven, MA",39.91477272727273
VIRGINIA BEACH-NORFOLK-NEWPORT NEWS,"Virginia Beach-Norfolk-Newport News, VA-NC",41.778082191780825
VISALIA-PORTERVILLE,"Visalia-Porterville, CA",74.91506849315068
WABASH,"Wabash, IN",37.535612535612536
WACO,"Waco, TX",39.701369863013696
WALLA WALLA,"Walla Walla, WA",32.989041095890414
WALTERBORO,"Walterboro, SC",25.428571428571427
WARNER ROBINS,"Warner Robins, GA",48.01977401129943
WASHINGTON COURT HOUSE,"Washington Court House, OH",36.87042253521127
WASHINGTON-ARLINGTON-ALEXANDRIA,"Washington-Arlington-Alexandria, DC-VA-MD-WV",55.202739726027396
WATERLOO-CEDAR FALLS,"Waterloo-Cedar Falls, IA",45.36914600550964
WATERTOWN,"Watertown, SD",33.74792243767313
WATERTOWN-FORT ATKINSON,"Watertown-Fort Atkinson, WI",38.275862068965516
WATERTOWN-FORT DRUM,"Watertown-Fort Drum, NY",35.385365853658534
WAUSAU,"Wausau, WI",35.28780487804878
WEATHERFORD,"Weatherford, OK",15.622881355932204
WEIRTON-STEUBENVILLE,"Weirton-Steubenville, WV-OH",52.41095890410959
WENATCHEE,"Wenatchee, WA",36.487671232876714
WHEELING,"Wheeling, WV-OH",37.772602739726025
WHITEWATER-ELKHORN,"Whitewater-Elkhorn, WI",38.65365853658537
WICHITA,"Wichita, KS",44.36986301369863
WILLIAMSPORT,"Williamsport, PA",37.875346260387815
WILLISTON,"Williston, ND",35.30386740331492
WILMINGTON,"Wilmington, NC",38.8277027027027
WINCHESTER,"Winchester, VA-WV",41.706849315068496
WINONA,"Winona, MN",25.37391304347826
WINSTON-SALEM,"Winston-Salem, NC",51.2
WORCESTER,"Worcester, MA-CT",45.821917808219176
YAKIMA,"Yakima, WA",50.64109589041096
YORK-HANOVER,"York-Hanover, PA",45.36164383561644
YOUNGSTOWN-WARREN-BOARDMAN,"Youngstown-Warren-Boardman, OH-PA",49.14520547945205
YUBA CITY,"Yuba City, CA",49.76164383561644
YUMA,"Yuma, AZ",49.79178082191781
